YEAR,LOCATION,COMMODITY,AREA HARVESTED in ACRES,AREA PLANTED in ACRES,PRODUCTION in $,AREA LOST
2000,ALABAMA,SOYBEANS,"160,000","190,000","13,680,000","30,000"
2000,FLORIDA,SOYBEANS,"15,000","20,000","1,268,000","5,000"
2000,GEORGIA,SOYBEANS,"140,000","170,000","14,885,000","30,000"
2000,LOUISIANA,SOYBEANS,"850,000","930,000","99,144,000","80,000"
2000,MISSISSIPPI,SOYBEANS,"1,580,000","1,700,000","163,720,000","120,000"
2000,NORTH CAROLINA,SOYBEANS,"1,360,000","1,400,000","199,342,000","40,000"
2000,SOUTH CAROLINA,SOYBEANS,"430,000","450,000","48,375,000","20,000"
2000,TEXAS,SOYBEANS,"260,000","290,000","30,888,000","30,000"
2000,VIRGINIA,SOYBEANS,"480,000","490,000","80,388,000","10,000"
2001,ALABAMA,SOYBEANS,"135,000","140,000","21,735,000","5,000"
2001,FLORIDA,SOYBEANS,"9,000","10,000","1,096,000","1,000"
2001,GEORGIA,SOYBEANS,"155,000","165,000","17,531,000","10,000"
2001,LOUISIANA,SOYBEANS,"610,000","640,000","88,371,000","30,000"
2001,MISSISSIPPI,SOYBEANS,"1,120,000","1,160,000","162,254,000","40,000"
2001,NORTH CAROLINA,SOYBEANS,"1,350,000","1,380,000","185,328,000","30,000"
2001,SOUTH CAROLINA,SOYBEANS,"420,000","440,000","39,249,000","20,000"
2001,TEXAS,SOYBEANS,"225,000","260,000","26,910,000","35,000"
2001,VIRGINIA,SOYBEANS,"480,000","500,000","73,272,000","20,000"
2002,ALABAMA,SOYBEANS,"155,000","170,000","20,646,000","15,000"
2002,FLORIDA,SOYBEANS,"9,000","10,000","1,589,000","1,000"
2002,GEORGIA,SOYBEANS,"140,000","160,000","17,549,000","20,000"
2002,LOUISIANA,SOYBEANS,"660,000","800,000","116,582,000","140,000"
2002,MISSISSIPPI,SOYBEANS,"1,370,000","1,440,000","241,997,000","70,000"
2002,NORTH CAROLINA,SOYBEANS,"1,290,000","1,370,000","174,305,000","80,000"
2002,SOUTH CAROLINA,SOYBEANS,"415,000","435,000","39,508,000","20,000"
2002,TEXAS,SOYBEANS,"205,000","230,000","29,274,000","25,000"
2002,VIRGINIA,SOYBEANS,"460,000","490,000","58,613,000","30,000"
2003,ALABAMA,SOYBEANS,"160,000","170,000","41,760,000","10,000"
2003,FLORIDA,SOYBEANS,"12,000","13,000","2,484,000","1,000"
2003,GEORGIA,SOYBEANS,"180,000","190,000","45,716,000","10,000"
2003,LOUISIANA,SOYBEANS,"740,000","760,000","171,088,000","20,000"
2003,MISSISSIPPI,SOYBEANS,"1,430,000","1,440,000","368,640,000","10,000"
2003,NORTH CAROLINA,SOYBEANS,"1,400,000","1,450,000","306,180,000","50,000"
2003,SOUTH CAROLINA,SOYBEANS,"420,000","430,000","89,376,000","10,000"
2003,TEXAS,SOYBEANS,"185,000","200,000","37,555,000","15,000"
2003,VIRGINIA,SOYBEANS,"480,000","500,000","125,174,000","20,000"
2004,ALABAMA,SOYBEANS,"190,000","210,000","41,563,000","20,000"
2004,FLORIDA,SOYBEANS,"17,000","19,000","3,237,000","2,000"
2004,GEORGIA,SOYBEANS,"270,000","280,000","47,709,000","10,000"
2004,LOUISIANA,SOYBEANS,"990,000","1,100,000","205,494,000","110,000"
2004,MISSISSIPPI,SOYBEANS,"1,640,000","1,670,000","381,300,000","30,000"
2004,NORTH CAROLINA,SOYBEANS,"1,500,000","1,530,000","283,560,000","30,000"
2004,SOUTH CAROLINA,SOYBEANS,"530,000","540,000","80,136,000","10,000"
2004,TEXAS,SOYBEANS,"270,000","290,000","50,544,000","20,000"
2004,VIRGINIA,SOYBEANS,"530,000","540,000","109,964,000","10,000"
2005,ALABAMA,SOYBEANS,"145,000","150,000","28,471,000","5,000"
2005,FLORIDA,SOYBEANS,"8,000","9,000","1,382,000","1,000"
2005,GEORGIA,SOYBEANS,"175,000","180,000","25,025,000","5,000"
2005,LOUISIANA,SOYBEANS,"850,000","880,000","172,533,000","30,000"
2005,MISSISSIPPI,SOYBEANS,"1,590,000","1,610,000","343,567,000","20,000"
2005,NORTH CAROLINA,SOYBEANS,"1,460,000","1,490,000","222,329,000","30,000"
2005,SOUTH CAROLINA,SOYBEANS,"420,000","430,000","47,786,000","10,000"
2005,TEXAS,SOYBEANS,"230,000","260,000","32,591,000","30,000"
2005,VIRGINIA,SOYBEANS,"510,000","530,000","86,019,000","20,000"
2006,ALABAMA,SOYBEANS,"150,000","160,000","20,550,000","10,000"
2006,FLORIDA,SOYBEANS,"5,000","7,000","844,000","2,000"
2006,GEORGIA,SOYBEANS,"140,000","155,000","23,975,000","15,000"
2006,LOUISIANA,SOYBEANS,"840,000","870,000","179,626,000","30,000"
2006,MISSISSIPPI,SOYBEANS,"1,650,000","1,670,000","267,267,000","20,000"
2006,NORTH CAROLINA,SOYBEANS,"1,360,000","1,370,000","276,352,000","10,000"
2006,SOUTH CAROLINA,SOYBEANS,"390,000","400,000","76,908,000","10,000"
2006,TEXAS,SOYBEANS,"155,000","225,000","20,088,000","70,000"
2006,VIRGINIA,SOYBEANS,"510,000","520,000","103,397,000","10,000"
2007,ALABAMA,SOYBEANS,"185,000","190,000","44,289,000","5,000"
2007,FLORIDA,SOYBEANS,"12,000","14,000","2,563,000","2,000"
2007,GEORGIA,SOYBEANS,"285,000","295,000","101,745,000","10,000"
2007,LOUISIANA,SOYBEANS,"600,000","615,000","217,494,000","15,000"
2007,MISSISSIPPI,SOYBEANS,"1,440,000","1,460,000","487,555,000","20,000"
2007,NORTH CAROLINA,SOYBEANS,"1,380,000","1,440,000","306,636,000","60,000"
2007,SOUTH CAROLINA,SOYBEANS,"440,000","460,000","88,726,000","20,000"
2007,TEXAS,SOYBEANS,"92,000","95,000","35,880,000","3,000"
2007,VIRGINIA,SOYBEANS,"500,000","510,000","156,750,000","10,000"
2008,ALABAMA,SOYBEANS,"350,000","360,000","126,175,000","10,000"
2008,FLORIDA,SOYBEANS,"29,000","32,000","9,367,000","3,000"
2008,GEORGIA,SOYBEANS,"415,000","430,000","122,218,000","15,000"
2008,LOUISIANA,SOYBEANS,"950,000","1,050,000","298,452,000","100,000"
2008,MISSISSIPPI,SOYBEANS,"1,960,000","2,000,000","728,336,000","40,000"
2008,NORTH CAROLINA,SOYBEANS,"1,670,000","1,690,000","514,176,000","20,000"
2008,SOUTH CAROLINA,SOYBEANS,"530,000","540,000","152,640,000","10,000"
2008,TEXAS,SOYBEANS,"205,000","230,000","46,463,000","25,000"
2008,VIRGINIA,SOYBEANS,"570,000","580,000","165,984,000","10,000"
2009,ALABAMA,SOYBEANS,"430,000","440,000","172,000,000","10,000"
2009,FLORIDA,SOYBEANS,"34,000","37,000","12,274,000","3,000"
2009,GEORGIA,SOYBEANS,"440,000","470,000","155,232,000","30,000"
2009,LOUISIANA,SOYBEANS,"940,000","1,020,000","354,136,000","80,000"
2009,MISSISSIPPI,SOYBEANS,"2,030,000","2,160,000","712,774,000","130,000"
2009,NORTH CAROLINA,SOYBEANS,"1,750,000","1,800,000","570,605,000","50,000"
2009,SOUTH CAROLINA,SOYBEANS,"565,000","590,000","131,509,000","25,000"
2009,TEXAS,SOYBEANS,"190,000","215,000","44,816,000","25,000"
2009,VIRGINIA,SOYBEANS,"570,000","580,000","198,246,000","10,000"
2010,ALABAMA,SOYBEANS,"345,000","350,000","99,567,000","5,000"
2010,FLORIDA,SOYBEANS,"23,000","25,000","7,590,000","2,000"
2010,GEORGIA,SOYBEANS,"255,000","270,000","77,571,000","15,000"
2010,LOUISIANA,SOYBEANS,"1,020,000","1,030,000","439,110,000","10,000"
2010,MISSISSIPPI,SOYBEANS,"1,980,000","2,000,000","792,792,000","20,000"
2010,NORTH CAROLINA,SOYBEANS,"1,550,000","1,580,000","483,600,000","30,000"
2010,SOUTH CAROLINA,SOYBEANS,"455,000","465,000","123,487,000","10,000"
2010,TEXAS,SOYBEANS,"185,000","205,000","57,720,000","20,000"
2010,VIRGINIA,SOYBEANS,"540,000","560,000","168,480,000","20,000"
2011,ALABAMA,SOYBEANS,"295,000","300,000","116,820,000","5,000"
2011,FLORIDA,SOYBEANS,"16,000","18,000","4,752,000","2,000"
2011,GEORGIA,SOYBEANS,"135,000","155,000","35,937,000","20,000"
2011,LOUISIANA,SOYBEANS,"980,000","1,020,000","423,360,000","40,000"
2011,MISSISSIPPI,SOYBEANS,"1,800,000","1,830,000","842,400,000","30,000"
2011,NORTH CAROLINA,SOYBEANS,"1,360,000","1,380,000","501,908,000","20,000"
2011,SOUTH CAROLINA,SOYBEANS,"360,000","370,000","110,160,000","10,000"
2011,TEXAS,SOYBEANS,"90,000","165,000","20,520,000","75,000"
2011,VIRGINIA,SOYBEANS,"550,000","560,000","266,200,000","10,000"
2012,ALABAMA,SOYBEANS,"335,000","340,000","220,095,000","5,000"
2012,FLORIDA,SOYBEANS,"20,000","21,000","10,920,000","1,000"
2012,GEORGIA,SOYBEANS,"215,000","220,000","117,720,000","5,000"
2012,LOUISIANA,SOYBEANS,"1,115,000","1,130,000","762,166,000","15,000"
2012,MISSISSIPPI,SOYBEANS,"1,950,000","1,970,000","1,272,375,000","20,000"
2012,NORTH CAROLINA,SOYBEANS,"1,580,000","1,590,000","873,740,000","10,000"
2012,SOUTH CAROLINA,SOYBEANS,"370,000","380,000","182,410,000","10,000"
2012,TEXAS,SOYBEANS,"110,000","125,000","41,756,000","15,000"
2012,VIRGINIA,SOYBEANS,"580,000","590,000","341,040,000","10,000"
2013,ALABAMA,SOYBEANS,"430,000","440,000","241,295,000","10,000"
2013,FLORIDA,SOYBEANS,"30,000","32,000","14,514,000","2,000"
2013,GEORGIA,SOYBEANS,"230,000","235,000","123,890,000","5,000"
2013,LOUISIANA,SOYBEANS,"1,120,000","1,130,000","727,888,000","10,000"
2013,MISSISSIPPI,SOYBEANS,"1,990,000","2,010,000","1,208,328,000","20,000"
2013,NORTH CAROLINA,SOYBEANS,"1,450,000","1,480,000","636,333,000","30,000"
2013,SOUTH CAROLINA,SOYBEANS,"310,000","320,000","117,506,000","10,000"
2013,TEXAS,SOYBEANS,"92,000","105,000","29,560,000","13,000"
2013,VIRGINIA,SOYBEANS,"600,000","610,000","300,300,000","10,000"
2014,ALABAMA,SOYBEANS,"470,000","480,000","188,000,000","10,000"
2014,FLORIDA,SOYBEANS,"37,000","39,000","14,160,000","2,000"
2014,GEORGIA,SOYBEANS,"290,000","300,000","121,800,000","10,000"
2014,LOUISIANA,SOYBEANS,"1,395,000","1,410,000","859,116,000","15,000"
2014,MISSISSIPPI,SOYBEANS,"2,190,000","2,210,000","1,252,680,000","20,000"
2014,NORTH CAROLINA,SOYBEANS,"1,730,000","1,750,000","705,840,000","20,000"
2014,SOUTH CAROLINA,SOYBEANS,"440,000","450,000","158,620,000","10,000"
2014,TEXAS,SOYBEANS,"135,000","155,000","49,641,000","20,000"
2014,VIRGINIA,SOYBEANS,"640,000","650,000","250,272,000","10,000"
2015,ALABAMA,SOYBEANS,"490,000","500,000","179,806,000","10,000"
2015,FLORIDA,SOYBEANS,"29,000","33,000","8,816,000","4,000"
2015,GEORGIA,SOYBEANS,"310,000","325,000","123,303,000","15,000"
2015,LOUISIANA,SOYBEANS,"1,390,000","1,430,000","555,083,000","40,000"
2015,MISSISSIPPI,SOYBEANS,"2,270,000","2,300,000","1,014,962,000","30,000"
2015,NORTH CAROLINA,SOYBEANS,"1,730,000","1,820,000","480,525,000","90,000"
2015,SOUTH CAROLINA,SOYBEANS,"370,000","475,000","84,813,000","105,000"
2015,TEXAS,SOYBEANS,"115,000","130,000","25,116,000","15,000"
2015,VIRGINIA,SOYBEANS,"620,000","630,000","188,232,000","10,000"
2016,ALABAMA,SOYBEANS,"410,000","420,000","128,970,000","10,000"
2016,FLORIDA,SOYBEANS,"29,000","31,000","9,135,000","2,000"
2016,GEORGIA,SOYBEANS,"240,000","260,000","72,720,000","20,000"
2016,LOUISIANA,SOYBEANS,"1,190,000","1,230,000","573,110,000","40,000"
2016,MISSISSIPPI,SOYBEANS,"2,020,000","2,040,000","963,782,000","20,000"
2016,NORTH CAROLINA,SOYBEANS,"1,660,000","1,690,000","569,380,000","30,000"
2016,SOUTH CAROLINA,SOYBEANS,"405,000","420,000","121,532,000","15,000"
2016,TEXAS,SOYBEANS,"145,000","165,000","41,174,000","20,000"
2016,VIRGINIA,SOYBEANS,"600,000","610,000","203,040,000","10,000"
2017,ALABAMA,SOYBEANS,"345,000","350,000","155,526,000","5,000"
2017,FLORIDA,SOYBEANS,"14,000","15,000","4,213,000","1,000"
2017,GEORGIA,SOYBEANS,"150,000","155,000","61,425,000","5,000"
2017,LOUISIANA,SOYBEANS,"1,250,000","1,270,000","654,750,000","20,000"
2017,MISSISSIPPI,SOYBEANS,"2,170,000","2,190,000","1,127,098,000","20,000"
2017,NORTH CAROLINA,SOYBEANS,"1,690,000","1,700,000","638,820,000","10,000"
2017,SOUTH CAROLINA,SOYBEANS,"390,000","400,000","137,826,000","10,000"
2017,TEXAS,SOYBEANS,"185,000","210,000","60,921,000","25,000"
2017,VIRGINIA,SOYBEANS,"590,000","600,000","241,428,000","10,000"